{
  "n_samples": 40,
  "roc_auc": 0.5599999999999999,
  "pr_auc": 0.534235872590335,
  "best_threshold": 0.8641353926490776,
  "precision_at_best_threshold": 0.5909090909090909,
  "recall_at_best_threshold": 0.65,
  "score_summary": {
    "min": 0.7047651264449091,
    "max": 1.2124495407382505,
    "mean": 0.8852919044775396,
    "std": 0.09505049355136011
  },
  "weights": {
    "continuity": 0.0,
    "lipschitz": 0.0,
    "topology": 1.0
  },
  "cv_auc_mean": 0.575,
  "overfit_gap": -0.015000000000000013,
  "optimal_weights": {
    "continuity": 0.0,
    "lipschitz": 0.1,
    "topology": 0.9
  },
  "optimal_scales": {
    "continuity_scale": 3.9146412037037024,
    "lipschitz_scale": 2.4895833333333335,
    "topology_diameter_scale": 2.4613896599429217,
    "persistence_l1_scale": 9.180398799479008,
    "beta0_scale": 15.0,
    "beta1_scale": 3.0
  },
  "roc_curve": {
    "fpr": [
      0.0,
      0.05,
      0.05,
      0.15,
      0.15,
      0.4,
      0.4,
      0.45,
      0.45,
      0.5,
      0.5,
      0.55,
      0.55,
      0.65,
      0.65,
      0.75,
      0.75,
      0.95,
      0.95,
      1.0
    ],
    "tpr": [
      0.0,
      0.0,
      0.05,
      0.05,
      0.25,
      0.25,
      0.5,
      0.5,
      0.65,
      0.65,
      0.7,
      0.7,
      0.75,
      0.75,
      0.85,
      0.85,
      0.95,
      0.95,
      1.0,
      1.0
    ],
    "thresholds": [
      Infinity,
      1.2124495407382505,
      1.0888596246040347,
      1.0118996617194114,
      0.9499719233767678,
      0.9222735011732502,
      0.8886404145331982,
      0.8759211537430455,
      0.8641353926490776,
      0.8557218218121777,
      0.8537167924909156,
      0.853308798008765,
      0.8454476377344634,
      0.8369679733495718,
      0.8251491772000513,
      0.8190580021787885,
      0.8047145011499902,
      0.7741237832516247,
      0.727378972264002,
      0.7047651264449091
    ]
  },
  "pr_curve": {
    "precision": [
      0.5,
      0.5128205128205128,
      0.5,
      0.5135135135135135,
      0.5277777777777778,
      0.5428571428571428,
      0.5588235294117647,
      0.5454545454545454,
      0.53125,
      0.5483870967741935,
      0.5666666666666667,
      0.5517241379310345,
      0.5357142857142857,
      0.5555555555555556,
      0.5769230769230769,
      0.56,
      0.5833333333333334,
      0.5652173913043478,
      0.5909090909090909,
      0.5714285714285714,
      0.55,
      0.5263157894736842,
      0.5555555555555556,
      0.5294117647058824,
      0.5,
      0.4666666666666667,
      0.42857142857142855,
      0.38461538461538464,
      0.4166666666666667,
      0.45454545454545453,
      0.5,
      0.5555555555555556,
      0.625,
      0.5714285714285714,
      0.5,
      0.4,
      0.25,
      0.3333333333333333,
      0.5,
      0.0,
      1.0
    ],
    "recall": [
      1.0,
      1.0,
      0.95,
      0.95,
      0.95,
      0.95,
      0.95,
      0.9,
      0.85,
      0.85,
      0.85,
      0.8,
      0.75,
      0.75,
      0.75,
      0.7,
      0.7,
      0.65,
      0.65,
      0.6,
      0.55,
      0.5,
      0.5,
      0.45,
      0.4,
      0.35,
      0.3,
      0.25,
      0.25,
      0.25,
      0.25,
      0.25,
      0.25,
      0.2,
      0.15,
      0.1,
      0.05,
      0.05,
      0.05,
      0.0,
      0.0
    ],
    "thresholds": [
      0.7047651264449091,
      0.727378972264002,
      0.7741237832516247,
      0.7759975503110931,
      0.7864499881291114,
      0.8046921691748204,
      0.8047145011499902,
      0.8152985824963992,
      0.8190580021787885,
      0.821602561348727,
      0.8251491772000513,
      0.8273704729069437,
      0.8369679733495718,
      0.8423060978722052,
      0.8454476377344634,
      0.853308798008765,
      0.8537167924909156,
      0.8557218218121777,
      0.8641353926490776,
      0.8654978622883572,
      0.8700086147465559,
      0.8759211537430455,
      0.8886404145331982,
      0.8908946480540088,
      0.9004743636461698,
      0.9056015618278598,
      0.9077986365458623,
      0.9222735011732502,
      0.9236056413928339,
      0.9290318403135164,
      0.9343161309160151,
      0.9460117176723379,
      0.9499719233767678,
      0.954837649402019,
      0.9641521346821296,
      0.9942031368795772,
      1.0118996617194114,
      1.037021020072743,
      1.0888596246040347,
      1.2124495407382505
    ]
  },
  "recommended_config_update": {
    "risk_threshold": 0.8641353926490776,
    "continuity_weight": 0.0,
    "lipschitz_weight": 0.1,
    "topology_weight": 0.9,
    "continuity_scale": 3.9146412037037024,
    "lipschitz_scale": 2.4895833333333335,
    "topology_diameter_scale": 2.4613896599429217,
    "persistence_l1_scale": 9.180398799479008,
    "beta0_scale": 15.0,
    "beta1_scale": 3.0
  },
  "risk_component_maxima": {
    "continuity_raw_max_per_prompt": [
      4.75479930191972,
      2.69047619047619,
      4.062015503875968,
      4.473484848484848,
      3.921874999999999,
      4.799086757990867,
      4.355731225296442,
      3.2136150234741776,
      2.831070889894419,
      4.513333333333333,
      3.553264604810996,
      3.507042253521126,
      4.5401234567901225,
      4.581140350877193,
      3.351851851851851,
      3.1280353200882995,
      4.967847769028871,
      4.949720670391061,
      3.999999999999999,
      0.19369369369369355,
      2.9915966386554613,
      3.5138888888888884,
      4.77485380116959,
      3.642233856893542,
      3.907407407407406,
      4.342163355408387,
      4.034965034965034,
      4.716666666666666,
      4.091145833333332,
      2.4693877551020407,
      3.406130268199233,
      1.9743589743589738,
      3.0650406504065035,
      3.9350649350649345,
      2.41130604288499,
      3.31578947368421,
      3.794238683127571,
      3.899598393574296,
      4.713652482269503,
      4.510752688172042
    ],
    "lipschitz_raw_max_per_prompt": [
      2.4895833333333335,
      1.6909722222222223,
      1.8645833333333335,
      2.524305555555556,
      2.263888888888889,
      2.4375,
      3.7916666666666665,
      1.7430555555555556,
      1.170138888888889,
      2.8020833333333335,
      1.777777777777778,
      2.5590277777777777,
      3.1319444444444446,
      2.4027777777777777,
      1.6388888888888888,
      1.5173611111111112,
      2.1770833333333335,
      3.1319444444444446,
      2.4895833333333335,
      0.24999999999999997,
      1.5173611111111112,
      2.142361111111111,
      3.375,
      1.6736111111111112,
      2.263888888888889,
      1.7604166666666667,
      2.0729166666666665,
      3.7222222222222223,
      1.7604166666666667,
      1.3958333333333335,
      1.6041666666666667,
      1.6041666666666667,
      2.576388888888889,
      1.8645833333333335,
      1.1614583333333335,
      1.4305555555555556,
      2.4895833333333335,
      2.2465277777777777,
      2.4895833333333335,
      1.8125
    ],
    "continuity_scaled_max_per_prompt": [
      1.2146194387933,
      0.6872855136584903,
      1.0376469496189926,
      1.1427573092145493,
      1.0018478823268535,
      1.2259327249328438,
      1.1126769986417702,
      0.820921983969751,
      0.723200605770945,
      1.1529366545938358,
      0.9076858950570482,
      0.895878337509721,
      1.1597802251952598,
      1.1702580421784008,
      0.8562347549708036,
      0.7990605415200803,
      1.2690429366371339,
      1.264412346579312,
      1.0218050114568706,
      0.04947929672595204,
      0.7642071094089199,
      0.8976273190923204,
      1.2197423857522438,
      0.9304132019679271,
      0.9981521176731466,
      1.109211069280168,
      1.0307368734451299,
      1.2048784093428933,
      1.0450883287752237,
      0.6308081958483742,
      0.8701002444302279,
      0.5043524736037117,
      0.7829684742260979,
      1.005217267764389,
      0.6159711496940298,
      0.8470225752866165,
      0.9692430252708175,
      0.9961572953058446,
      1.2041084321622744,
      1.152277425554186
    ],