{
  "n_samples": 40,
  "roc_auc": 0.6325,
  "pr_auc": 0.6374249047103149,
  "best_threshold": 0.9262851732049302,
  "precision_at_best_threshold": 0.6842105263157895,
  "recall_at_best_threshold": 0.65,
  "score_summary": {
    "min": 0.0,
    "max": 1.0938419543022708,
    "mean": 0.8899115304980005,
    "std": 0.16520028000809125
  },
  "weights": {
    "continuity": 0.0,
    "lipschitz": 0.0,
    "topology": 1.0
  },
  "cv_auc_mean": 0.65,
  "overfit_gap": -0.01750000000000007,
  "optimal_weights": {
    "continuity": 0.0,
    "lipschitz": 0.8,
    "topology": 0.19999999999999996
  },
  "optimal_scales": {
    "continuity_scale": 4.2182539682539675,
    "lipschitz_scale": 1.9756944444444446,
    "topology_diameter_scale": 1.4236925405816494,
    "persistence_l1_scale": 9.213040217757225,
    "beta0_scale": 15.0,
    "beta1_scale": 6.0
  },
  "roc_curve": {
    "fpr": [
      0.0,
      0.0,
      0.05,
      0.05,
      0.1,
      0.1,
      0.15,
      0.15,
      0.2,
      0.2,
      0.25,
      0.25,
      0.3,
      0.3,
      0.55,
      0.55,
      0.6,
      0.6,
      0.75,
      0.75,
      0.8,
      0.8,
      0.9,
      0.9,
      0.95,
      0.95,
      1.0
    ],
    "tpr": [
      0.0,
      0.05,
      0.05,
      0.1,
      0.1,
      0.25,
      0.25,
      0.3,
      0.3,
      0.35,
      0.35,
      0.6,
      0.6,
      0.65,
      0.65,
      0.75,
      0.75,
      0.8,
      0.8,
      0.85,
      0.85,
      0.9,
      0.9,
      0.95,
      0.95,
      1.0,
      1.0
    ],
    "thresholds": [
      Infinity,
      1.0938419543022708,
      1.0263993269671137,
      1.0122038126215127,
      1.0056563002616672,
      0.9739779218026844,
      0.9601037384605478,
      0.955090089945434,
      0.9532906199998179,
      0.9494405643728856,
      0.948787619111431,
      0.9326558857198248,
      0.9323853106883409,
      0.9262851732049302,
      0.9187685199791671,
      0.9087713458325419,
      0.9086573916511214,
      0.9033097116221164,
      0.8445298714220892,
      0.8434651197546641,
      0.8406670054857974,
      0.8344444332891436,
      0.827384299140137,
      0.7986124431660867,
      0.7913374578813874,
      0.5652021089630932,
      0.0
    ]
  },
  "pr_curve": {
    "precision": [
      0.5,
      0.5128205128205128,
      0.5,
      0.5135135135135135,
      0.5,
      0.5142857142857142,
      0.5294117647058824,
      0.5151515151515151,
      0.53125,
      0.5161290322580645,
      0.5333333333333333,
      0.5517241379310345,
      0.5714285714285714,
      0.5555555555555556,
      0.5769230769230769,
      0.56,
      0.5416666666666666,
      0.5652173913043478,
      0.5909090909090909,
      0.6190476190476191,
      0.65,
      0.6842105263157895,
      0.6666666666666666,
      0.7058823529411765,
      0.6875,
      0.6666666666666666,
      0.6428571428571429,
      0.6153846153846154,
      0.5833333333333334,
      0.6363636363636364,
      0.6,
      0.6666666666666666,
      0.625,
      0.7142857142857143,
      0.6666666666666666,
      0.6,
      0.5,
      0.6666666666666666,
      0.5,
      1.0,
      1.0
    ],
    "recall": [
      1.0,
      1.0,
      0.95,
      0.95,
      0.9,
      0.9,
      0.9,
      0.85,
      0.85,
      0.8,
      0.8,
      0.8,
      0.8,
      0.75,
      0.75,
      0.7,
      0.65,
      0.65,
      0.65,
      0.65,
      0.65,
      0.65,
      0.6,
      0.6,
      0.55,
      0.5,
      0.45,
      0.4,
      0.35,
      0.35,
      0.3,
      0.3,
      0.25,
      0.25,
      0.2,
      0.15,
      0.1,
      0.1,
      0.05,
      0.05,
      0.0
    ],
    "thresholds": [
      0.0,
      0.5652021089630932,
      0.7913374578813874,
      0.7986124431660867,
      0.827384299140137,
      0.8341616947986983,
      0.8344444332891436,
      0.8406670054857974,
      0.8434651197546641,
      0.8445298714220892,
      0.8642501372580919,
      0.8879584528099801,
      0.9033097116221164,
      0.9086573916511214,
      0.9087713458325419,
      0.9089738487959733,
      0.9187685199791671,
      0.9243864002526408,
      0.9255254690966435,
      0.9255488216037426,
      0.9257730820292349,
      0.9262851732049302,
      0.9323853106883409,
      0.9326558857198248,
      0.9328881804934979,
      0.9402637440268089,
      0.9439850106337587,
      0.9451440711479328,
      0.948787619111431,
      0.9494405643728856,
      0.9532906199998179,
      0.955090089945434,
      0.9601037384605478,
      0.9739779218026844,
      0.9854428438280237,
      0.9968914374991873,
      1.0056563002616672,
      1.0122038126215127,
      1.0263993269671137,
      1.0938419543022708
    ]
  },
  "recommended_config_update": {
    "risk_threshold": 0.9262851732049302,
    "continuity_weight": 0.0,
    "lipschitz_weight": 0.8,
    "topology_weight": 0.19999999999999996,
    "continuity_scale": 4.2182539682539675,
    "lipschitz_scale": 1.9756944444444446,
    "topology_diameter_scale": 1.4236925405816494,
    "persistence_l1_scale": 9.213040217757225,
    "beta0_scale": 15.0,
    "beta1_scale": 6.0
  },
  "risk_component_maxima": {
    "continuity_raw_max_per_prompt": [
      3.088888888888888,
      4.342465753424657,
      3.424242424242424,
      4.435729847494552,
      3.999999999999999,
      3.265010351966873,
      0.0,
      4.337381916329284,
      3.568273092369477,
      4.311890838206627,
      4.01068376068376,
      4.173160173160173,
      4.589826839826839,
      3.916142557651991,
      4.16569200779727,
      4.350378787878787,
      4.136986301369862,
      4.595238095238095,
      4.454545454545454,
      3.416666666666666,
      4.735596707818929,
      4.555555555555555,
      4.510416666666666,
      4.5,
      4.199999999999999,
      4.32986111111111,
      3.9350649350649345,
      4.2182539682539675,
      4.431726907630521,
      3.2812499999999996,
      2.836477987421383,
      4.644444444444444,
      4.6935817805383016,
      3.8464912280701746,
      4.479302832244008,
      3.471544715447154,
      3.6036585365853653,
      4.745098039215685,
      4.114155251141552,
      5.061507936507936
    ],
    "lipschitz_raw_max_per_prompt": [
      1.482638888888889,
      1.9513888888888888,
      1.5694444444444444,
      1.8645833333333335,
      1.65625,
      1.5,
      0.0,
      2.0729166666666665,
      1.6388888888888888,
      1.8125,
      1.8125,
      1.7604166666666667,
      1.8819444444444444,
      1.7083333333333335,
      1.7951388888888888,
      1.8298611111111112,
      1.7951388888888888,
      2.0034722222222223,
      1.8819444444444444,
      1.6041666666666667,
      1.8819444444444444,
      2.211805555555556,
      1.8993055555555556,
      1.9513888888888888,
      1.8472222222222223,
      2.0208333333333335,
      1.7951388888888888,
      1.8125,
      1.7951388888888888,
      1.5520833333333335,
      1.3958333333333335,
      1.8645833333333335,
      1.8819444444444444,
      1.777777777777778,
      1.8125,
      1.5694444444444444,
      1.5868055555555556,
      1.96875,
      1.7604166666666667,
      1.934027777777778
    ],