{
  "n_samples": 40,
  "roc_auc": 0.5,
  "pr_auc": 0.5,
  "best_threshold": 0.0,
  "precision_at_best_threshold": 0.5,
  "recall_at_best_threshold": 1.0,
  "score_summary": {
    "min": 0.0,
    "max": 0.0,
    "mean": 0.0,
    "std": 0.0
  },
  "weights": {
    "continuity": 0.4,
    "lipschitz": 0.35,
    "topology": 0.25
  },
  "optimal_weights": {
    "continuity": 0.0,
    "lipschitz": 0.0,
    "topology": 1.0
  },
  "optimal_scales": {
    "topology_diameter_scale": 1.0,
    "persistence_l1_scale": 1.0,
    "beta0_scale": 1.0,
    "beta1_scale": 1.0
  },
  "roc_curve": {
    "fpr": [
      0.0,
      1.0
    ],
    "tpr": [
      0.0,
      1.0
    ],
    "thresholds": [
      Infinity,
      0.0
    ]
  },
  "pr_curve": {
    "precision": [
      0.5,
      1.0
    ],
    "recall": [
      1.0,
      0.0
    ],
    "thresholds": [
      0.0
    ]
  },
  "recommended_config_update": {
    "risk_threshold": 0.0,
    "continuity_weight": 0.0,
    "lipschitz_weight": 0.0,
    "topology_weight": 1.0,
    "topology_diameter_scale": 1.0,
    "persistence_l1_scale": 1.0,
    "beta0_scale": 1.0,
    "beta1_scale": 1.0
  },
  "risk_component_maxima": {
    "continuity_raw_max_per_prompt": [
      20.990740740740723,
      21.878556910569085,
      21.74169921874998,
      20.98749999999998,
      21.085813492063473,
      21.984255725190817,
      21.286184210526297,
      21.67857142857141,
      20.898674242424224,
      21.039473684210506,
      20.964285714285694,
      21.304137323943642,
      21.230392156862724,
      21.09910358565735,
      21.876908396946547,
      21.916666666666647,
      21.072628458498002,
      21.327898550724615,
      21.696167883211658,
      22.198529411764685,
      21.07031249999998,
      21.591145833333314,
      21.83749999999998,
      21.29393115942027,
      21.294463087248303,
      21.53348214285712,
      21.39999999999998,
      22.639455782312904,
      20.92499999999998,
      21.291666666666647,
      22.094223484848467,
      20.9227099236641,
      21.291666666666647,
      21.10693359374998,
      22.708545918367324,
      21.278225806451594,
      20.97499999999998,
      20.274038461538442,
      23.195906432748515,
      21.19688841201715
    ],
    "lipschitz_raw_max_per_prompt": [
      52.75,
      57.75,
      55.5625,
      58.0625,
      57.75,
      54.625,
      53.375,
      59.3125,
      54.625,
      53.375,
      58.375,
      50.25,
      56.8125,
      56.8125,
      54.625,
      56.5,
      56.1875,
      51.8125,
      53.0625,
      55.875,
      53.6875,
      59.625,
      57.125,
      51.8125,
      47.4375,
      51.8125,
      58.0625,
      48.375,
      57.125,
      55.875,
      54.0,
      55.875,
      55.875,
      55.5625,
      36.96875,
      57.4375,
      57.125,
      54.625,
      41.8125,
      61.1875
    ],
    "topology_scaled_max_per_prompt": [
      0.0,
      0.0,
      0.0,
      0.0,
      0.0,
      0.0,
      0.0,
      0.0,
      0.0,
      0.0,
      0.0,
      0.0,
      0.0,
      0.0,
      0.0,
      0.0,
      0.0,
      0.0,
      0.0,
      0.0,
      0.0,
      0.0,
      0.0,
      0.0,
      0.0,
      0.0,
      0.0,
      0.0,
      0.0,
      0.0,
      0.0,
      0.0,
      0.0,
      0.0,
      0.0,
      0.0,
      0.0,
      0.0,
      0.0,
      0.0
    ]
  },
  "risk_component_contributions_at_optimal_weights": {
    "continuity": [
      0.0,
      0.0,
      0.0,
      0.0,
      0.0,
      0.0,
      0.0,
      0.0,
      0.0,
      0.0,
      0.0,
      0.0,
      0.0,
      0.0,
      0.0,
      0.0,
      0.0,
      0.0,
      0.0,
      0.0,
      0.0,
      0.0,
      0.0,
      0.0,
      0.0,
      0.0,
      0.0,
      0.0,
      0.0,
      0.0,
      0.0,
      0.0,
      0.0,
      0.0,
      0.0,
      0.0,
      0.0,
      0.0,
      0.0,
      0.0
    ],
    "lipschitz": [
      0.0,
      0.0,
      0.0,
      0.0,
      0.0,
      0.0,
      0.0,
      0.0,
      0.0,
      0.0,
      0.0,
      0.0,
      0.0,
      0.0,
      0.0,
      0.0,
      0.0,
      0.0,
      0.0,
      0.0,
      0.0,
      0.0,
      0.0,
      0.0,
      0.0,
      0.0,
      0.0,
      0.0,
      0.0,
      0.0,
      0.0,
      0.0,
      0.0,
      0.0,
      0.0,
      0.0,
      0.0,
      0.0,
      0.0,
      0.0
    ],
    "topology": [
      0.0,
      0.0,
      0.0,
      0.0,
      0.0,
      0.0,
      0.0,
      0.0,
      0.0,
      0.0,
      0.0,
      0.0,
      0.0,
      0.0,
      0.0,
      0.0,
      0.0,
      0.0,
      0.0,
      0.0,
      0.0,
      0.0,
      0.0,
      0.0,
      0.0,
      0.0,
      0.0,
      0.0,
      0.0,
      0.0,
      0.0,
      0.0,
      0.0,
      0.0,
      0.0,
      0.0,
      0.0,
      0.0,
      0.0,
      0.0
    ]
  }
}