{
  "n_samples": 12,
  "roc_auc": 0.5,
  "pr_auc": 0.5,
  "best_threshold": 0.0,
  "precision_at_best_threshold": 0.5,
  "recall_at_best_threshold": 1.0,
  "score_summary": {
    "min": 0.0,
    "max": 0.0,
    "mean": 0.0,
    "std": 0.0
  },
  "weights": {
    "continuity": 0.4,
    "lipschitz": 0.35,
    "topology": 0.25
  },
  "optimal_weights": {
    "continuity": 0.0,
    "lipschitz": 0.0,
    "topology": 1.0
  },
  "optimal_scales": {
    "topology_diameter_scale": 1.0,
    "persistence_l1_scale": 1.0,
    "beta0_scale": 1.0,
    "beta1_scale": 1.0
  },
  "roc_curve": {
    "fpr": [
      0.0,
      1.0
    ],
    "tpr": [
      0.0,
      1.0
    ],
    "thresholds": [
      Infinity,
      0.0
    ]
  },
  "pr_curve": {
    "precision": [
      0.5,
      1.0
    ],
    "recall": [
      1.0,
      0.0
    ],
    "thresholds": [
      0.0
    ]
  },
  "recommended_config_update": {
    "risk_threshold": 0.0,
    "continuity_weight": 0.0,
    "lipschitz_weight": 0.0,
    "topology_weight": 1.0,
    "topology_diameter_scale": 1.0,
    "persistence_l1_scale": 1.0,
    "beta0_scale": 1.0,
    "beta1_scale": 1.0
  },
  "risk_component_maxima": {
    "continuity_raw_max_per_prompt": [
      21.752568493150665,
      21.481496710526297,
      20.938004032258046,
      22.025760135135116,
      21.681924882629087,
      21.976618705035953,
      20.874999999999982,
      21.02797202797201,
      20.704234972677575,
      21.197041984732802,
      21.103658536585346,
      21.756742738589192
    ],
    "lipschitz_raw_max_per_prompt": [
      49.3125,
      47.125,
      58.0625,
      48.6875,
      57.75,
      51.8125,
      54.625,
      50.25,
      67.4375,
      55.25,
      58.6875,
      59.9375
    ],
    "topology_scaled_max_per_prompt": [
      0.0,
      0.0,
      0.0,
      0.0,
      0.0,
      0.0,
      0.0,
      0.0,
      0.0,
      0.0,
      0.0,
      0.0
    ]
  },
  "risk_component_contributions_at_optimal_weights": {
    "continuity": [
      0.0,
      0.0,
      0.0,
      0.0,
      0.0,
      0.0,
      0.0,
      0.0,
      0.0,
      0.0,
      0.0,
      0.0
    ],
    "lipschitz": [
      0.0,
      0.0,
      0.0,
      0.0,
      0.0,
      0.0,
      0.0,
      0.0,
      0.0,
      0.0,
      0.0,
      0.0
    ],
    "topology": [
      0.0,
      0.0,
      0.0,
      0.0,
      0.0,
      0.0,
      0.0,
      0.0,
      0.0,
      0.0,
      0.0,
      0.0
    ]
  }
}