{
  "n_samples": 120,
  "roc_auc": 0.5,
  "pr_auc": 0.5,
  "best_threshold": 0.0,
  "precision_at_best_threshold": 0.5,
  "recall_at_best_threshold": 1.0,
  "score_summary": {
    "min": 0.0,
    "max": 0.0,
    "mean": 0.0,
    "std": 0.0
  },
  "weights": {
    "continuity": 0.4,
    "lipschitz": 0.35,
    "topology": 0.25
  },
  "optimal_weights": {
    "continuity": 0.0,
    "lipschitz": 0.0,
    "topology": 1.0
  },
  "optimal_scales": {
    "topology_diameter_scale": 1.0,
    "persistence_l1_scale": 1.0,
    "beta0_scale": 1.0,
    "beta1_scale": 1.0
  },
  "roc_curve": {
    "fpr": [
      0.0,
      1.0
    ],
    "tpr": [
      0.0,
      1.0
    ],
    "thresholds": [
      Infinity,
      0.0
    ]
  },
  "pr_curve": {
    "precision": [
      0.5,
      1.0
    ],
    "recall": [
      1.0,
      0.0
    ],
    "thresholds": [
      0.0
    ]
  },
  "recommended_config_update": {
    "risk_threshold": 0.0,
    "continuity_weight": 0.0,
    "lipschitz_weight": 0.0,
    "topology_weight": 1.0,
    "topology_diameter_scale": 1.0,
    "persistence_l1_scale": 1.0,
    "beta0_scale": 1.0,
    "beta1_scale": 1.0
  },
  "risk_component_maxima": {
    "continuity_raw_max_per_prompt": [
      22.611778846153825,
      21.291666666666647,
      21.829433497536925,
      21.878556910569085,
      21.939311594202877,
      22.190104166666647,
      21.876908396946547,
      22.708545918367324,
      21.09910358565735,
      21.916666666666647,
      21.723917322834627,
      22.072536496350345,
      21.53428270042192,
      21.00927734374998,
      21.085813492063473,
      21.14319029850744,
      22.094223484848467,
      21.325102880658417,
      22.149671052631557,
      22.337765957446788,
      20.98822463768114,
      20.851851851851833,
      22.09397163120565,
      22.267227564102544,
      21.304137323943642,
      21.19999999999998,
      20.874999999999982,
      21.205882352941156,
      21.07031249999998,
      20.874999999999982,
      22.146802325581373,
      21.65624999999998,
      21.31971153846152,
      21.89169520547943,
      21.696167883211658,
      21.18749999999998,
      22.298373287671215,
      21.25609756097559,
      21.72828014184395,
      21.999526515151494,
      21.67857142857141,
      21.916666666666647,
      20.8315972222222,
      20.990740740740723,
      21.072628458498002,
      21.83749999999998,
      21.236473880596996,
      21.85296762589926,
      20.97499999999998,
      20.964285714285694,
      20.799698795180703,
      22.198529411764685,
      21.66995614035086,
      21.586382113821116,
      21.74169921874998,
      21.096354166666647,
      21.48798076923075,
      21.286184210526297,
      20.499999999999982,
      21.64691235059759,
      21.32638888888887,
      22.639455782312904,
      21.04623287671231,
      21.484756097560957,
      21.591145833333314,
      21.84564393939392,
      21.407670454545432,
      22.53124999999998,
      21.75472689075628,
      21.805343511450364,
      21.604166666666647,
      20.898674242424224,
      21.39999999999998,
      22.120777027027007,
      21.54560085836908,
      21.327898550724615,
      20.92499999999998,
      21.289299242424224,
      22.0496453900709,
      21.256397637795256,
      22.389423076923055,
      21.29393115942027,
      21.19688841201715,
      21.511160714285694,
      21.73148148148146,
      21.15576171874998,
      21.984255725190817,
      20.98749999999998,
      21.709923664122115,
      21.462406015037576,
      20.960449218749982,
      21.209362139917676,
      21.17092803030301,
      21.291666666666647,
      21.38788167938929,
      20.997549019607824,
      21.521146616541333,
      21.294463087248303,
      20.498226950354592,
      21.761824324324305,
      21.301136363636346,
      21.10693359374998,
      20.77499999999998,
      21.16481854838708,
      20.837944664031603,
      21.764423076923055,
      21.230392156862724,
      21.32142857142855,
      22.64583333333331,
      20.9227099236641,
      21.246413934426208,
      21.353723404255298,
      21.397908366533844,
      21.278225806451594,
      21.53348214285712,
      21.156862745098017,
      20.274038461538442,
      23.195906432748515,
      21.21223021582732,
      21.039473684210506
    ],
    "lipschitz_raw_max_per_prompt": [
      55.25,
      55.875,
      34.78125,
      57.75,
      51.5,
      61.1875,
      54.625,
      36.96875,
      56.8125,
      51.8125,
      57.125,
      52.125,
      61.5,
      55.5625,
      57.75,
      53.0625,
      54.0,
      58.6875,
      46.8125,
      50.5625,
      52.4375,
      53.6875,
      50.5625,
      45.5625,
      50.25,
      58.0625,
      55.5625,
      55.875,
      53.6875,
      53.375,
      56.5,
      49.3125,
      55.875,
      48.6875,
      53.0625,
      54.9375,
      50.25,
      43.6875,
      51.1875,
      54.0,
      59.3125,
      56.5,
      49.3125,
      52.75,
      56.1875,
      57.125,
      53.0625,
      51.1875,
      57.125,
      58.375,
      58.375,
      55.875,
      62.75,
      57.75,
      55.5625,
      60.5625,
      54.9375,
      53.375,
      57.75,
      56.8125,
      54.0,
      48.375,
      49.625,
      57.75,
      59.625,
      53.6875,
      53.6875,
      47.4375,
      60.875,
      54.625,
      52.75,
      54.625,
      58.0625,
      48.0625,
      61.1875,
      51.8125,
      57.125,
      53.6875,
      51.5,
      57.125,
      54.9375,
      51.8125,
      61.1875,
      51.8125,
      53.6875,
      55.5625,
      54.625,
      58.0625,
      54.625,
      54.625,
      55.5625,
      58.6875,
      54.9375,
      55.875,
      54.625,
      56.8125,
      54.625,
      47.4375,
      50.25,
      48.0625,
      49.9375,
      55.5625,
      57.125,
      57.4375,
      56.1875,
      54.9375,
      56.8125,
      55.25,
      59.625,
      55.875,
      59.625,
      60.875,
      56.8125,
      57.4375,
      51.8125,
      55.875,
      54.625,
      41.8125,
      52.125,
      53.375
    ],
    "topology_scaled_max_per_prompt": [
      0.0,
      0.0,
      0.0,
      0.0,
      0.0,
      0.0,
      0.0,
      0.0,
      0.0,
      0.0,
      0.0,
      0.0,
      0.0,
      0.0,
      0.0,
      0.0,
      0.0,
      0.0,
      0.0,
      0.0,
      0.0,
      0.0,
      0.0,
      0.0,
      0.0,
      0.0,
      0.0,
      0.0,
      0.0,
      0.0,
      0.0,
      0.0,
      0.0,
      0.0,
      0.0,
      0.0,
      0.0,
      0.0,
      0.0,
      0.0,
      0.0,
      0.0,
      0.0,
      0.0,
      0.0,
      0.0,
      0.0,
      0.0,
      0.0,
      0.0,
      0.0,
      0.0,
      0.0,
      0.0,
      0.0,
      0.0,
      0.0,
      0.0,
      0.0,
      0.0,
      0.0,
      0.0,
      0.0,
      0.0,
      0.0,
      0.0,
      0.0,
      0.0,
      0.0,
      0.0,
      0.0,
      0.0,
      0.0,
      0.0,
      0.0,
      0.0,
      0.0,
      0.0,
      0.0,
      0.0,
      0.0,
      0.0,
      0.0,
      0.0,
      0.0,
      0.0,
      0.0,
      0.0,
      0.0,
      0.0,
      0.0,
      0.0,
      0.0,
      0.0,
      0.0,
      0.0,
      0.0,
      0.0,
      0.0,
      0.0,
      0.0,
      0.0,
      0.0,
      0.0,
      0.0,
      0.0,
      0.0,
      0.0,
      0.0,
      0.0,
      0.0,
      0.0,
      0.0,
      0.0,
      0.0,
      0.0,
      0.0,
      0.0,
      0.0,
      0.0
    ]
  },