{
  "n_samples": 80,
  "roc_auc": 0.528125,
  "pr_auc": 0.5198378395592872,
  "best_threshold": 0.7537057348053179,
  "precision_at_best_threshold": 0.5641025641025641,
  "recall_at_best_threshold": 0.55,
  "score_summary": {
    "min": 0.1924376675962064,
    "max": 1.5,
    "mean": 0.885177795919428,
    "std": 0.3152880814408439
  },
  "weights": {
    "continuity": 0.4,
    "lipschitz": 0.35,
    "topology": 0.25
  },
  "optimal_weights": {
    "continuity": 0.0,
    "lipschitz": 0.0,
    "topology": 1.0
  },
  "optimal_scales": {
    "continuity_scale": 6.934600122100115,
    "lipschitz_scale": 2.88671875,
    "topology_diameter_scale": 29452.902300812686,
    "persistence_l1_scale": 29664.510955810547,
    "beta0_scale": 3.0,
    "beta1_scale": 1.0
  },
  "roc_curve": {
    "fpr": [
      0.0,
      0.2,
      0.225,
      0.225,
      0.25,
      0.25,
      0.275,
      0.275,
      0.3,
      0.3,
      0.325,
      0.325,
      0.35,
      0.35,
      0.425,
      0.425,
      0.45,
      0.45,
      0.5,
      0.5,
      0.6,
      0.6,
      0.7,
      0.7,
      0.725,
      0.725,
      0.75,
      0.75,
      0.775,
      0.775,
      0.85,
      0.85,
      0.875,
      0.875,
      1.0
    ],
    "tpr": [
      0.0,
      0.2,
      0.2,
      0.225,
      0.225,
      0.3,
      0.3,
      0.325,
      0.325,
      0.375,
      0.375,
      0.425,
      0.425,
      0.45,
      0.45,
      0.55,
      0.55,
      0.575,
      0.575,
      0.6,
      0.6,
      0.625,
      0.625,
      0.7,
      0.7,
      0.725,
      0.725,
      0.775,
      0.775,
      0.825,
      0.825,
      0.85,
      0.85,
      1.0,
      1.0
    ],
    "thresholds": [
      Infinity,
      1.5,
      0.8209104490863085,
      0.815495013924994,
      0.8100741289120051,
      0.7985805033872851,
      0.7924305076262644,
      0.7875693672653631,
      0.7862081648183717,
      0.7821481826355089,
      0.7820090108663672,
      0.776580745437153,
      0.7752723987012654,
      0.7700082987531619,
      0.7588081837730635,
      0.7537057348053179,
      0.7524667327666151,
      0.747157849646471,
      0.747002951276873,
      0.7421496844362828,
      0.741331418843257,
      0.7369329659371056,
      0.7302250857590459,
      0.7252540838272835,
      0.7248277397546048,
      0.7221366406179788,
      0.7215605057722555,
      0.7197775594524212,
      0.7194947857266724,
      0.7137567186194226,
      0.7109609262664247,
      0.7054485439394643,
      0.7051517111643668,
      0.6747619842748767,
      0.1924376675962064
    ]
  },
  "pr_curve": {
    "precision": [
      0.5,
      0.5063291139240507,
      0.5128205128205128,
      0.5194805194805194,
      0.5263157894736842,
      0.5333333333333333,
      0.527027027027027,
      0.5205479452054794,
      0.5138888888888888,
      0.5070422535211268,
      0.5,
      0.4927536231884058,
      0.5,
      0.4925373134328358,
      0.5,
      0.5076923076923077,
      0.515625,
      0.5079365079365079,
      0.5,
      0.5081967213114754,
      0.5,
      0.4915254237288136,
      0.5,
      0.49122807017543857,
      0.5,
      0.4909090909090909,
      0.48148148148148145,
      0.4716981132075472,
      0.4807692307692308,
      0.49019607843137253,
      0.5,
      0.5102040816326531,
      0.5,
      0.5106382978723404,
      0.5217391304347826,
      0.5333333333333333,
      0.5454545454545454,
      0.5348837209302325,
      0.5476190476190477,
      0.5609756097560976,
      0.55,
      0.5641025641025641,
      0.5526315789473685,
      0.5405405405405406,
      0.5277777777777778,
      0.5142857142857142,
      0.5294117647058824,
      0.5454545454545454,
      0.5625,
      0.5483870967741935,
      0.5666666666666667,
      0.5517241379310345,
      0.5357142857142857,
      0.5555555555555556,
      0.5384615384615384,
      0.52,
      0.5416666666666666,
      0.5217391304347826,
      0.5454545454545454,
      0.5238095238095238,
      0.5,
      0.47368421052631576,
      0.5,
      0.47058823529411764,
      0.5,
      1.0
    ],
    "recall": [
      1.0,
      1.0,
      1.0,
      1.0,
      1.0,
      1.0,
      0.975,
      0.95,
      0.925,
      0.9,
      0.875,
      0.85,
      0.85,
      0.825,
      0.825,
      0.825,
      0.825,
      0.8,
      0.775,
      0.775,
      0.75,
      0.725,
      0.725,
      0.7,
      0.7,
      0.675,
      0.65,
      0.625,
      0.625,
      0.625,
      0.625,
      0.625,
      0.6,
      0.6,
      0.6,
      0.6,
      0.6,
      0.575,
      0.575,
      0.575,
      0.55,
      0.55,
      0.525,
      0.5,
      0.475,
      0.45,
      0.45,
      0.45,
      0.45,
      0.425,
      0.425,
      0.4,
      0.375,
      0.375,
      0.35,
      0.325,
      0.325,
      0.3,
      0.3,
      0.275,
      0.25,
      0.225,
      0.225,
      0.2,
      0.2,
      0.0
    ],
    "thresholds": [
      0.1924376675962064,
      0.6582478654658089,
      0.6635619663124961,
      0.6665749289941765,
      0.6687641810494296,
      0.6747619842748767,
      0.6858639057961021,
      0.6882741790977364,
      0.688523643202931,
      0.6915084908659613,
      0.6994690922723295,
      0.7051517111643668,
      0.7054485439394643,
      0.7109609262664247,
      0.7133914458200824,
      0.7134106469979516,
      0.7137567186194226,
      0.7137669083849353,
      0.7194947857266724,
      0.7197775594524212,
      0.7215446111767592,
      0.7215605057722555,
      0.7221366406179788,
      0.7248277397546048,
      0.7252540838272835,
      0.7282502057230623,
      0.7283643367616165,
      0.7302250857590459,
      0.730641550359519,
      0.7357655017410756,
      0.7360327192988017,
      0.7369329659371056,
      0.741331418843257,
      0.7413922803482159,
      0.7414784710015095,
      0.7419220211189345,
      0.7421496844362828,
      0.747002951276873,
      0.7471495922031336,
      0.747157849646471,
      0.7524667327666151,
      0.7537057348053179,
      0.754095733478224,
      0.7545541281454579,
      0.7586427950681792,
      0.7588081837730635,
      0.764042930288458,
      0.7695627798341053,
      0.7700082987531619,
      0.7752723987012654,
      0.776580745437153,
      0.7815655389942344,
      0.7820090108663672,
      0.7821481826355089,
      0.7825098627099879,
      0.7862081648183717,
      0.7875693672653631,
      0.7924305076262644,
      0.7985805033872851,
      0.7986424423135137,
      0.8040726730594588,
      0.8100741289120051,
      0.815495013924994,
      0.8209104490863085,
      1.5
    ]
  },
  "recommended_config_update": {
    "risk_threshold": 0.7537057348053179,
    "continuity_weight": 0.0,
    "lipschitz_weight": 0.0,
    "topology_weight": 1.0,
    "continuity_scale": 6.934600122100115,
    "lipschitz_scale": 2.88671875,
    "topology_diameter_scale": 29452.902300812686,
    "persistence_l1_scale": 29664.510955810547,
    "beta0_scale": 3.0,
    "beta1_scale": 1.0
  },