{
  "n_samples": 40,
  "roc_auc": 0.58375,
  "pr_auc": 0.5977825653675687,
  "best_threshold": 0.9546138179607863,
  "precision_at_best_threshold": 0.6060606060606061,
  "recall_at_best_threshold": 1.0,
  "score_summary": {
    "min": 0.856822417656848,
    "max": 1.0333058052432493,
    "mean": 0.9805814007747496,
    "std": 0.034227221617698284
  },
  "weights": {
    "continuity": 0.4,
    "lipschitz": 0.35,
    "topology": 0.25
  },
  "optimal_weights": {
    "continuity": 0.5,
    "lipschitz": 0.5,
    "topology": 0.0
  },
  "optimal_scales": {
    "continuity_scale": 21.29279891304346,
    "lipschitz_scale": 57.125,
    "topology_diameter_scale": 1.0,
    "persistence_l1_scale": 1.0,
    "beta0_scale": 1.0,
    "beta1_scale": 1.0
  },
  "roc_curve": {
    "fpr": [
      0.0,
      0.0,
      0.0,
      0.05,
      0.05,
      0.15,
      0.15,
      0.3,
      0.3,
      0.35,
      0.35,
      0.4,
      0.4,
      0.45,
      0.45,
      0.5,
      0.55,
      0.6,
      0.6,
      0.65,
      0.65,
      1.0
    ],
    "tpr": [
      0.0,
      0.05,
      0.1,
      0.1,
      0.15,
      0.15,
      0.2,
      0.2,
      0.3,
      0.3,
      0.4,
      0.4,
      0.45,
      0.45,
      0.5,
      0.5,
      0.55,
      0.55,
      0.95,
      0.95,
      1.0,
      1.0
    ],
    "thresholds": [
      Infinity,
      1.0333058052432493,
      1.0288876554286188,
      1.0282053637446544,
      1.0192252974785543,
      1.0107229977678331,
      1.0103275507027372,
      1.0023930223620623,
      1.0006100036004912,
      0.9968649808018164,
      0.9943550318404298,
      0.9927163938582169,
      0.9925374086717927,
      0.9918342892954347,
      0.9914668481444391,
      0.9913633028108348,
      0.9890324934206596,
      0.9866242423002695,
      0.9591528459070731,
      0.9550359211977726,
      0.9546138179607863,
      0.856822417656848
    ]
  },
  "pr_curve": {
    "precision": [
      0.5,
      0.5128205128205128,
      0.5263157894736842,
      0.5405405405405406,
      0.5555555555555556,
      0.5714285714285714,
      0.5882352941176471,
      0.6060606060606061,
      0.59375,
      0.6129032258064516,
      0.6,
      0.5862068965517241,
      0.5714285714285714,
      0.5555555555555556,
      0.5384615384615384,
      0.52,
      0.5,
      0.4782608695652174,
      0.5,
      0.5,
      0.5263157894736842,
      0.5,
      0.5294117647058824,
      0.5,
      0.5333333333333333,
      0.5,
      0.46153846153846156,
      0.5,
      0.45454545454545453,
      0.4,
      0.4444444444444444,
      0.5,
      0.5714285714285714,
      0.5,
      0.6,
      0.75,
      0.6666666666666666,
      1.0,
      1.0,
      1.0
    ],
    "recall": [
      1.0,
      1.0,
      1.0,
      1.0,
      1.0,
      1.0,
      1.0,
      1.0,
      0.95,
      0.95,
      0.9,
      0.85,
      0.8,
      0.75,
      0.7,
      0.65,
      0.6,
      0.55,
      0.55,
      0.5,
      0.5,
      0.45,
      0.45,
      0.4,
      0.4,
      0.35,
      0.3,
      0.3,
      0.25,
      0.2,
      0.2,
      0.2,
      0.2,
      0.15,
      0.15,
      0.15,
      0.1,
      0.1,
      0.05,
      0.0
    ],
    "thresholds": [
      0.856822417656848,
      0.9106627356526817,
      0.9152469557954581,
      0.9400911951892419,
      0.953527681634045,
      0.9541955095851209,
      0.9543253078982825,
      0.9546138179607863,
      0.9550359211977726,
      0.9591528459070731,
      0.9612286301703777,
      0.9646880206169459,
      0.9670219156685248,
      0.9688632802111596,
      0.9739139705691626,
      0.9803686079326759,
      0.9819593399888757,
      0.9866242423002695,
      0.9890324934206596,
      0.9913633028108348,
      0.9914668481444391,
      0.9918342892954347,
      0.9925374086717927,
      0.9927163938582169,
      0.9943550318404298,
      0.9957993274767969,
      0.9968649808018164,
      1.0006100036004912,
      1.0010366244149314,
      1.0023930223620623,
      1.0032267335959295,
      1.0091792762012315,
      1.0103275507027372,
      1.0107229977678331,
      1.0127907347733145,
      1.0192252974785543,
      1.0282053637446544,
      1.0288876554286188,
      1.0333058052432493
    ]
  },
  "recommended_config_update": {
    "risk_threshold": 0.9546138179607863,
    "continuity_weight": 0.5,
    "lipschitz_weight": 0.5,
    "topology_weight": 0.0,
    "continuity_scale": 21.29279891304346,
    "lipschitz_scale": 57.125,
    "topology_diameter_scale": 1.0,
    "persistence_l1_scale": 1.0,
    "beta0_scale": 1.0,
    "beta1_scale": 1.0
  },
  "risk_component_maxima": {
    "continuity_raw_max_per_prompt": [
      20.990740740740723,
      21.878556910569085,
      21.74169921874998,
      20.98749999999998,
      21.085813492063473,
      21.984255725190817,
      21.286184210526297,
      21.67857142857141,
      20.898674242424224,
      21.039473684210506,
      20.964285714285694,
      21.304137323943642,
      21.230392156862724,
      21.09910358565735,
      21.876908396946547,
      21.916666666666647,
      21.072628458498002,
      21.327898550724615,
      21.696167883211658,
      22.198529411764685,
      21.07031249999998,
      21.591145833333314,
      21.83749999999998,
      21.29393115942027,
      21.294463087248303,
      21.53348214285712,
      21.39999999999998,
      22.639455782312904,
      20.92499999999998,
      21.291666666666647,
      22.094223484848467,
      20.9227099236641,
      21.291666666666647,
      21.10693359374998,
      22.708545918367324,
      21.278225806451594,
      20.97499999999998,
      20.274038461538442,
      23.195906432748515,
      21.19688841201715
    ],
    "lipschitz_raw_max_per_prompt": [
      52.75,
      57.75,
      55.5625,
      58.0625,
      57.75,
      54.625,
      53.375,
      59.3125,
      54.625,
      53.375,
      58.375,
      50.25,
      56.8125,
      56.8125,
      54.625,
      56.5,
      56.1875,
      51.8125,
      53.0625,
      55.875,
      53.6875,
      59.625,
      57.125,
      51.8125,
      47.4375,
      51.8125,
      58.0625,
      48.375,
      57.125,
      55.875,
      54.0,
      55.875,
      55.875,
      55.5625,
      36.96875,
      57.4375,
      57.125,
      54.625,
      41.8125,
      61.1875
    ],
    "continuity_scaled_max_per_prompt": [
      0.9858140691819663,
      1.0275096759199094,
      1.0210822591966306,
      0.9856618702740643,
      0.9902790881637833,
      1.0324737398296562,
      0.9996893455602444,
      1.0181175108591118,
      0.9814902365711159,
      0.9881027745639502,
      0.9845716291174607,
      1.0005324997876741,
      0.9970691144721934,
      0.9909032472350332,
      1.027432254739666,
      1.0292994714396622,
      0.9896598631563376,
      1.0016484276127577,
      1.0189439148801196,
      1.0425369394798725,
      0.989551095938487,
      1.0140116347084411,
      1.0255814695466292,
      1.0000531750842825,
      1.0000781566675025,
      1.0113035036303388,
      1.0050346169798678,
      1.063244708916333,
      0.9827266056216698,
      0.9999468249157174,
      1.0376382914748739,
      0.98261905393975,
      0.9999468249157174,
      0.9912709775707493,
      1.0664894742633677,
      0.9993155852055252,
      0.9850748173435855,
      0.9521546953190382,
      1.089377987716742,
      0.9954956367447044
    ],