{
  "n_samples": 4,
  "roc_auc": 1.0,
  "pr_auc": 1.0,
  "best_threshold": 1.0541928123217341,
  "precision_at_best_threshold": 1.0,
  "recall_at_best_threshold": 1.0,
  "score_summary": {
    "min": 0.9172846548773531,
    "max": 1.2310325156873931,
    "mean": 1.0370792926411865,
    "std": 0.12307729041866185
  },
  "weights": {
    "continuity": 0.4,
    "lipschitz": 0.35,
    "topology": 0.25
  },
  "optimal_weights": {
    "continuity": 0.0,
    "lipschitz": 1.0,
    "topology": 0.0
  },
  "optimal_scales": {
    "continuity_scale": 21.354948455300548,
    "lipschitz_scale": 54.78125,
    "topology_diameter_scale": 1.0,
    "persistence_l1_scale": 1.0,
    "beta0_scale": 1.0,
    "beta1_scale": 1.0
  },
  "roc_curve": {
    "fpr": [
      0.0,
      0.0,
      0.0,
      1.0
    ],
    "tpr": [
      0.0,
      0.5,
      1.0,
      1.0
    ],
    "thresholds": [
      Infinity,
      1.2310325156873931,
      1.0541928123217341,
      0.9172846548773531
    ]
  },
  "pr_curve": {
    "precision": [
      0.5,
      0.6666666666666666,
      1.0,
      1.0,
      1.0
    ],
    "recall": [
      1.0,
      1.0,
      1.0,
      0.5,
      0.0
    ],
    "thresholds": [
      0.9172846548773531,
      0.9458071876782659,
      1.0541928123217341,
      1.2310325156873931
    ]
  },
  "recommended_config_update": {
    "risk_threshold": 1.0541928123217341,
    "continuity_weight": 0.0,
    "lipschitz_weight": 1.0,
    "topology_weight": 0.0,
    "continuity_scale": 21.354948455300548,
    "lipschitz_scale": 54.78125,
    "topology_diameter_scale": 1.0,
    "persistence_l1_scale": 1.0,
    "beta0_scale": 1.0,
    "beta1_scale": 1.0
  },
  "risk_component_maxima": {
    "continuity_raw_max_per_prompt": [
      21.681924882629087,
      20.704234972677575,
      21.02797202797201,
      21.976618705035953
    ],
    "lipschitz_raw_max_per_prompt": [
      57.75,
      67.4375,
      50.25,
      51.8125
    ],
    "continuity_scaled_max_per_prompt": [
      1.0153115062774773,
      0.9695286793136015,
      0.9846884937225227,
      1.029111297132684
    ],
    "lipschitz_scaled_max_per_prompt": [
      1.0541928123217341,
      1.2310325156873931,
      0.9172846548773531,
      0.9458071876782659
    ],
    "topology_scaled_max_per_prompt": [
      0.0,
      0.0,
      0.0,
      0.0
    ]
  },
  "risk_component_contributions_at_optimal_weights": {
    "continuity": [
      0.0,
      0.0,
      0.0,
      0.0
    ],
    "lipschitz": [
      1.0541928123217341,
      1.2310325156873931,
      0.9172846548773531,
      0.9458071876782659
    ],
    "topology": [
      0.0,
      0.0,
      0.0,
      0.0
    ]
  },
  "contrastive_vectors": {}
}