method,auroc_mean,auroc_std,auroc_mean_agg,auroc_mean_agg_std
DriftGuard (fused),0.525,0.0,0.8350000000000001,0.0
Continuity-only,0.625,0.0,0.7975,0.0
Topology-only,0.47000000000000003,0.0,0.43250000000000005,0.0
Dynamics-only,0.525,0.0,0.8350000000000001,0.0
Alarm-fraction,0.8300000000000001,0.0,0.8300000000000001,0.0
No-monitor,0.5,0.0,0.5,0.0
